GOVERNO,ÓRGÃO,UNIDADE,PROGRAMA,AÇÃO,LOCALIZADOR,SEGMENTO,PRODUTO,MEDIDA PROVISÓRIA,LINK,TIPO,VALOR ANUNCIADO,Empenho,Liquidação,Pago
Federal,Ministério da Fazenda,Ministério da Fazenda,,Restituição IR,,Assistência Social,900 mil pessoas,,,Antecipação de benefícios ou adiamento de tributos,1100000000.00, 1100000000.00, 1100000000.00, 1100000000.00
Federal,"Ministério do Desenvolvimento e Assistência Social, Família e Combate à Fome","Ministério do Desenvolvimento e Assistência Social, Família e Combate à Fome",,Antecipação do BPC,,Assistência Social,95.109 beneficiários,,,Antecipação de benefícios ou adiamento de tributos,134000000.00, 134000000.00, 134000000.00, 134000000.00
Federal,Ministério do Trabalho e Emprego,Ministério do Trabalho e Emprego,,Antecipação de benefícios previdenciários,,Trabalho,2 milhões de beneficiários,,,Antecipação de benefícios ou adiamento de tributos,4500000000.00, 4500000000.00, 4500000000.00, 4500000000.00
Federal,Ministério do Trabalho e Emprego,Ministério do Trabalho e Emprego,,Abono Salarial,,Trabalho,756.121 trabalhadores,,,Antecipação de benefícios ou adiamento de tributos,793000000.00, 793000000.00, 793000000.00, 793000000.00
Federal,"Ministério do Desenvolvimento e Assistência Social, Família e Combate à Fome","Ministério do Desenvolvimento e Assistência Social, Família e Combate à Fome",,Bolsa Família,,Assistência Social,619.741 famílias,,,Antecipação de benefícios ou adiamento de tributos,787000000.00,432520000.00,432520000.00,432520000.00
Federal,Ministério do Trabalho e Emprego,Ministério do Trabalho e Emprego,,Saque calamidade FGTS,,Trabalho,"228,5 mil trabalhadores em 368 Municípios",,,Antecipação de benefícios ou adiamento de tributos,1020000000.00,715000000.00,715000000.00,715000000.00
Federal,Ministério da Fazenda,Ministério da Fazenda,,Suspensão pagamento de dívidas,,Assistência Empresarial ou Auxílio ao Produtor Rural,,,,Antecipação de benefícios ou adiamento de tributos,300000000.00,0,0,0
Federal,Ministério da Fazenda,Ministério da Fazenda,,Prorrogação do vencimento de tributos federais,,Assistência Empresarial ou Auxílio ao Produtor Rural,,,,Antecipação de benefícios ou adiamento de tributos,4800000000.00,0,0,0
Federal,Ministério do Trabalho e Emprego,Ministério do Trabalho e Emprego,,Suspensão recolhimento do FGTS,,Assistência Empresarial ou Auxílio ao Produtor Rural,,,,Antecipação de benefícios ou adiamento de tributos,2500000000.00,0,0,0
Federal,Ministério da Justiça e Segurança Pública,Departamento de Polícia Federal,Segurança Pública com Cidadania,"Prevenção e Repressão ao Tráfico Ilícito de Drogas e a Crimes Praticados contra Bens, Serviços e Interesses da União",27266501,Segurança Pública,Diverso,"Nº 1.218, DE 11 DE MAIO DE 2024 e Nº 1.223, DE 23 DE MAIO DE 2024",https://portaldatransparencia.gov.br/despesas/orgao/consulta?paginacaoSimples=true&tamanhoPagina=&offset=&direcaoOrdenacao=asc&de=01%2F05%2F2024&ate=31%2F12%2F2024&subTitulo=27266501&colunasSelecionadas=linkDetalhamento%2CmesAno%2CorgaoSuperior%2CorgaoVinculado%2CunidadeGestora%2CorgaoSuperiorOrcamentario%2CorgaoVinculadoOrcamentario%2CunidadeOrcamentaria%2Cfuncao%2CsubFuncao%2Cprograma%2Cacao%2CprogramaGoverno%2Cautor%2CplanoOrcamentario%2CgrupoDespesa%2CelementoDespesa%2CmodalidadeDespesa%2CvalorDespesaEmpenhada%2CvalorDespesaLiquidada%2CvalorDespesaPaga%2CvalorRestoPago,Recursos novos,23293135.00,483788.34,105500.00,105500.00
Federal,"Ministério do Desenvolvimento e Assistência Social, Família e Combate à Fome",Fundo Nacional de Assistência Social,Proteção Social pelo Sistema Único de Assistência Social (SUAS),Ações de Proteção Social Especial,219F6501,Assistência Social,Ente federativo apoiado (unidade): 435,"Nº 1.218, DE 11 DE MAIO DE 2024",https://portaldatransparencia.gov.br/despesas/orgao/consulta?paginacaoSimples=true&tamanhoPagina=&offset=&direcaoOrdenacao=asc&de=01%2F05%2F2024&ate=31%2F12%2F2024&subTitulo=219F6501&colunasSelecionadas=linkDetalhamento%2CmesAno%2CorgaoSuperior%2CorgaoVinculado%2CunidadeGestora%2CorgaoSuperiorOrcamentario%2CorgaoVinculadoOrcamentario%2CunidadeOrcamentaria%2Cfuncao%2CsubFuncao%2Cprograma%2Cacao%2CprogramaGoverno%2Cautor%2CplanoOrcamentario%2CgrupoDespesa%2CelementoDespesa%2CmodalidadeDespesa%2CvalorDespesaEmpenhada%2CvalorDespesaLiquidada%2CvalorDespesaPaga%2CvalorRestoPago,Recursos novos,86374566.00,21449000.00,11787000.00,11577000.00
Federal,Ministério da Integração e do Desenvolvimento Regional,Ministério da Integração e do Desenvolvimento Regional - Administração Direta,Gestão de Riscos e de Desastres,Ações de Proteção e Defesa Civil,22BO6504,Defesa Civil,População beneficiada (unidade): 10.590.000,"Nº 1.218, DE 11 DE MAIO DE 2024 e Nº 1.223, DE 23 DE MAIO DE 2024",https://portaldatransparencia.gov.br/despesas/orgao/consulta?paginacaoSimples=true&tamanhoPagina=&offset=&direcaoOrdenacao=asc&de=01%2F05%2F2024&ate=31%2F12%2F2024&subTitulo=22BO6504&colunasSelecionadas=linkDetalhamento%2CmesAno%2CorgaoSuperior%2CorgaoVinculado%2CunidadeGestora%2CorgaoSuperiorOrcamentario%2CorgaoVinculadoOrcamentario%2CunidadeOrcamentaria%2Cfuncao%2CsubFuncao%2Cprograma%2Cacao%2CprogramaGoverno%2Cautor%2CplanoOrcamentario%2CgrupoDespesa%2CelementoDespesa%2CmodalidadeDespesa%2CvalorDespesaEmpenhada%2CvalorDespesaLiquidada%2CvalorDespesaPaga%2CvalorRestoPago,Recursos novos,829710000.00,256818306.00,144289213.49,135323816.90
Federal,Ministério da Integração e do Desenvolvimento Regional,Ministério da Integração e do Desenvolvimento Regional - Administração Direta,Gestão de Riscos e de Desastres,Apoio Financeiro destinado às famílias desalojadas ou desabrigadas devido aos eventos climáticos ocorridos no Estado do Rio Grande do Sul - Auxílio Reconstrução,00WD6500,Assistência Social,Família assistida (unidade): 240.000,"Nº 1.223, DE 23 DE MAIO DE 2024",https://portaldatransparencia.gov.br/despesas/orgao/consulta?paginacaoSimples=true&tamanhoPagina=&offset=&direcaoOrdenacao=asc&de=01%2F05%2F2024&ate=31%2F05%2F2024&subTitulo=00WD6500&colunasSelecionadas=linkDetalhamento%2CmesAno%2CorgaoSuperior%2CorgaoVinculado%2CunidadeGestora%2CorgaoSuperiorOrcamentario%2CorgaoVinculadoOrcamentario%2CunidadeOrcamentaria%2Cfuncao%2CsubFuncao%2Cprograma%2Cacao%2CprogramaGoverno%2Cautor%2CplanoOrcamentario%2CgrupoDespesa%2CelementoDespesa%2CmodalidadeDespesa%2CvalorDespesaEmpenhada%2CvalorDespesaLiquidada%2CvalorDespesaPaga%2CvalorRestoPago,Recursos novos,1226115000.00,174000000.00,174000000.00,174000000.00
Federal,Ministério da Defesa,Ministério da Defesa - Administração Direta,Cooperação da Defesa para o Desenvolvimento Nacional,Emprego Conjunto das Forças Armadas nas Ações de Proteção e Defesa Civil,21H26500,Segurança Pública,Atividade realizada (unidade): 1,"Nº 1.218, DE 11 DE MAIO DE 2024",https://portaldatransparencia.gov.br/despesas/orgao/consulta?paginacaoSimples=true&tamanhoPagina=&offset=&direcaoOrdenacao=asc&de=01%2F05%2F2024&ate=31%2F12%2F2024&subTitulo=21H26500&colunasSelecionadas=linkDetalhamento%2CmesAno%2CorgaoSuperior%2CorgaoVinculado%2CunidadeGestora%2CorgaoSuperiorOrcamentario%2CorgaoVinculadoOrcamentario%2CunidadeOrcamentaria%2Cfuncao%2CsubFuncao%2Cprograma%2Cacao%2CprogramaGoverno%2Cautor%2CplanoOrcamentario%2CgrupoDespesa%2CelementoDespesa%2CmodalidadeDespesa%2CvalorDespesaEmpenhada%2CvalorDespesaLiquidada%2CvalorDespesaPaga%2CvalorRestoPago,Recursos novos,1122693138.00,17672639.37,4531000.00,213900.00
Federal,Ministério da Educação,Fundo Nacional de Desenvolvimento da Educação,"Educação Básica Democrática, com qualidade e equidade",Apoio à Alimentação Escolar na Educação Básica (PNAE),00PI6501,Educação,Estudante atendido (unidade): 1.700.000,"Nº 1.218, DE 11 DE MAIO DE 2024",https://portaldatransparencia.gov.br/despesas/orgao/consulta?paginacaoSimples=true&tamanhoPagina=&offset=&direcaoOrdenacao=asc&de=01%2F05%2F2024&ate=31%2F12%2F2024&subTitulo=00PI6501&colunasSelecionadas=linkDetalhamento%2CmesAno%2CorgaoSuperior%2CorgaoVinculado%2CunidadeGestora%2CorgaoSuperiorOrcamentario%2CorgaoVinculadoOrcamentario%2CunidadeOrcamentaria%2Cfuncao%2CsubFuncao%2Cprograma%2Cacao%2CprogramaGoverno%2Cautor%2CplanoOrcamentario%2CgrupoDespesa%2CelementoDespesa%2CmodalidadeDespesa%2CvalorDespesaEmpenhada%2CvalorDespesaLiquidada%2CvalorDespesaPaga%2CvalorRestoPago,Recursos novos,25890844.00,21836492.20,21832988.00,21832988.00
Federal,Ministério das Cidades,Empresa de Trens Urbanos de Porto Alegre S.A. - TRENSURB,Programa de Gestão e Manutenção do Poder Executivo,Funcionamento dos Sistemas de Transporte Ferroviário Urbano de Passageiros,28436500,Transporte,Passageiro transportado (unidades por dia): 136.841,"Nº 1.218, DE 11 DE MAIO DE 2024",https://portaldatransparencia.gov.br/despesas/orgao/consulta?paginacaoSimples=true&tamanhoPagina=&offset=&direcaoOrdenacao=asc&de=01%2F05%2F2024&ate=31%2F12%2F2024&subTitulo=28436500&colunasSelecionadas=linkDetalhamento%2CmesAno%2CorgaoSuperior%2CorgaoVinculado%2CunidadeGestora%2CorgaoSuperiorOrcamentario%2CorgaoVinculadoOrcamentario%2CunidadeOrcamentaria%2Cfuncao%2CsubFuncao%2Cprograma%2Cacao%2CprogramaGoverno%2Cautor%2CplanoOrcamentario%2CgrupoDespesa%2CelementoDespesa%2CmodalidadeDespesa%2CvalorDespesaEmpenhada%2CvalorDespesaLiquidada%2CvalorDespesaPaga%2CvalorRestoPago,Recursos novos,164366000.00,471193.40,16193.40,2931.44
Federal,Ministério da Justiça e Segurança Pública,Fundo Nacional de Segurança Pública,Segurança Pública com Cidadania,Atuação da Força Nacional de Segurança Pública,2B006502,Segurança Pública,Servidor aprestado (unidade): 350,"Nº 1.218, DE 11 DE MAIO DE 2024",https://portaldatransparencia.gov.br/despesas/orgao/consulta?paginacaoSimples=true&tamanhoPagina=&offset=&direcaoOrdenacao=asc&de=01%2F05%2F2024&ate=31%2F12%2F2024&subTitulo=2B006502&colunasSelecionadas=linkDetalhamento%2CmesAno%2CorgaoSuperior%2CorgaoVinculado%2CunidadeGestora%2CorgaoSuperiorOrcamentario%2CorgaoVinculadoOrcamentario%2CunidadeOrcamentaria%2Cfuncao%2CsubFuncao%2Cprograma%2Cacao%2CprogramaGoverno%2Cautor%2CplanoOrcamentario%2CgrupoDespesa%2CelementoDespesa%2CmodalidadeDespesa%2CvalorDespesaEmpenhada%2CvalorDespesaLiquidada%2CvalorDespesaPaga%2CvalorRestoPago,Recursos novos,19014830.00,5112509.68,600536.24,324624.88
Federal,Encargos Financeiros da União,Recursos sob Supervisão do Ministério da Fazenda,Operações Especiais: Outros Encargos Especiais,Integralização de cotas do Fundo Garantidor para Investimentos - FGI para Pequenas e Médias Empresas no âmbito do Programa Emergencial de Acesso a Crédito,00ED6501,Assistência Empresarial ou Auxílio ao Produtor Rural,Diverso,"Nº 1.218, DE 11 DE MAIO DE 2024",https://portaldatransparencia.gov.br/despesas/orgao/consulta?paginacaoSimples=true&tamanhoPagina=&offset=&direcaoOrdenacao=asc&de=01%2F05%2F2024&ate=31%2F12%2F2024&subTitulo=00ED6501&colunasSelecionadas=linkDetalhamento%2CmesAno%2CorgaoSuperior%2CorgaoVinculado%2CunidadeGestora%2CorgaoSuperiorOrcamentario%2CorgaoVinculadoOrcamentario%2CunidadeOrcamentaria%2Cfuncao%2CsubFuncao%2Cprograma%2Cacao%2CprogramaGoverno%2Cautor%2CplanoOrcamentario%2CgrupoDespesa%2CelementoDespesa%2CmodalidadeDespesa%2CvalorDespesaEmpenhada%2CvalorDespesaLiquidada%2CvalorDespesaPaga%2CvalorRestoPago,Linha de crédito,450000000.00,450000000.00,450000000.00,450000000.00
Federal,Ministério do Trabalho e Emprego,Fundo de Amparo ao Trabalhador,"Promoção do Trabalho Decente, Emprego e Renda",Seguro-Desemprego,00H46500,Trabalho,Diverso,"Nº 1.218, DE 11 DE MAIO DE 2024",https://portaldatransparencia.gov.br/despesas/orgao/consulta?paginacaoSimples=true&tamanhoPagina=&offset=&direcaoOrdenacao=asc&de=01%2F05%2F2024&ate=31%2F12%2F2024&subTitulo=00H46500&colunasSelecionadas=linkDetalhamento%2CmesAno%2CorgaoSuperior%2CorgaoVinculado%2CunidadeGestora%2CorgaoSuperiorOrcamentario%2CorgaoVinculadoOrcamentario%2CunidadeOrcamentaria%2Cfuncao%2CsubFuncao%2Cprograma%2Cacao%2CprogramaGoverno%2Cautor%2CplanoOrcamentario%2CgrupoDespesa%2CelementoDespesa%2CmodalidadeDespesa%2CvalorDespesaEmpenhada%2CvalorDespesaLiquidada%2CvalorDespesaPaga%2CvalorRestoPago,Recursos novos,497791645.00,10501886.21,10501886.21,9049395.00
Federal,Ministério da Justiça e Segurança Pública,Departamento de Polícia Rodoviária Federal,Segurança Pública com Cidadania,"Policiamento, Fiscalização, Enfrentamento à Criminalidade e Corrupção",27236503,Segurança Pública,Operação realizada (unidade): 28,"Nº 1.218, DE 11 DE MAIO DE 2024 e Nº 1.223, DE 23 DE MAIO DE 2024",https://portaldatransparencia.gov.br/despesas/orgao/consulta?paginacaoSimples=true&tamanhoPagina=&offset=&direcaoOrdenacao=asc&de=01%2F05%2F2024&ate=31%2F12%2F2024&subTitulo=27236503&colunasSelecionadas=linkDetalhamento%2CmesAno%2CorgaoSuperior%2CorgaoVinculado%2CunidadeGestora%2CorgaoSuperiorOrcamentario%2CorgaoVinculadoOrcamentario%2CunidadeOrcamentaria%2Cfuncao%2CsubFuncao%2Cprograma%2Cacao%2CprogramaGoverno%2Cautor%2CplanoOrcamentario%2CgrupoDespesa%2CelementoDespesa%2CmodalidadeDespesa%2CvalorDespesaEmpenhada%2CvalorDespesaLiquidada%2CvalorDespesaPaga%2CvalorRestoPago,Recursos novos,24453066.00,8997122.13,1045036.73,980202.12
Federal,Ministério da Saúde,Hospital Nossa Senhora da Conceição S.A. - CONCEIÇÃO,Atenção Especializada à Saúde,Atenção à Saúde nos Serviços Ambulatoriais e Hospitalares do Ministério da Saúde,62176513,Saúde,Atendimento realizado (unidade): 1.130.000,"Nº 1.218, DE 11 DE MAIO DE 2024",https://portaldatransparencia.gov.br/despesas/orgao/consulta?paginacaoSimples=true&tamanhoPagina=&offset=&direcaoOrdenacao=asc&de=01%2F05%2F2024&ate=31%2F05%2F2024&subTitulo=62176513&colunasSelecionadas=linkDetalhamento%2CmesAno%2CorgaoSuperior%2CorgaoVinculado%2CunidadeGestora%2CorgaoSuperiorOrcamentario%2CorgaoVinculadoOrcamentario%2CunidadeOrcamentaria%2Cfuncao%2CsubFuncao%2Cprograma%2Cacao%2CprogramaGoverno%2Cautor%2CplanoOrcamentario%2CgrupoDespesa%2CelementoDespesa%2CmodalidadeDespesa%2CvalorDespesaEmpenhada%2CvalorDespesaLiquidada%2CvalorDespesaPaga%2CvalorRestoPago,Recursos novos,62500000.00,1388884.04,324228.00,0
Federal,Ministério da Educação,Instituto Federal Sul-rio-grandense,Educação Profissional e Tecnológica que Transforma,"Funcionamento das Instituições da Rede Federal de Educação Profissional, Científica e Tecnológica",20RL6500,Educação,Estudante matriculado (unidade): 4.544,"Nº 1.223, DE 23 DE MAIO DE 2024",https://portaldatransparencia.gov.br/despesas/orgao/consulta?paginacaoSimples=true&tamanhoPagina=&offset=&direcaoOrdenacao=asc&de=01%2F05%2F2024&ate=31%2F12%2F2024&orgaosOrcamentarios=OR26420&subTitulo=20RL6500&colunasSelecionadas=linkDetalhamento%2CmesAno%2CorgaoSuperior%2CorgaoVinculado%2CunidadeGestora%2CorgaoSuperiorOrcamentario%2CorgaoVinculadoOrcamentario%2CunidadeOrcamentaria%2Cfuncao%2CsubFuncao%2Cprograma%2Cacao%2CprogramaGoverno%2Cautor%2CplanoOrcamentario%2CgrupoDespesa%2CelementoDespesa%2CmodalidadeDespesa%2CvalorDespesaEmpenhada%2CvalorDespesaLiquidada%2CvalorDespesaPaga%2CvalorRestoPago,Recursos novos,2384940.00,351806.83,3851.83,0
Federal,Ministério da Educação,Instituto Federal Farroupilha,Educação Profissional e Tecnológica que Transforma,"Funcionamento das Instituições da Rede Federal de Educação Profissional, Científica e Tecnológica",20RL6500,Educação,Estudante matriculado (unidade): 4.787,"Nº 1.223, DE 23 DE MAIO DE 2024",https://portaldatransparencia.gov.br/despesas/orgao/consulta?paginacaoSimples=true&tamanhoPagina=&offset=&direcaoOrdenacao=asc&de=01%2F05%2F2024&ate=31%2F12%2F2024&orgaosOrcamentarios=OR26420&subTitulo=20RL6500&colunasSelecionadas=linkDetalhamento%2CmesAno%2CorgaoSuperior%2CorgaoVinculado%2CunidadeGestora%2CorgaoSuperiorOrcamentario%2CorgaoVinculadoOrcamentario%2CunidadeOrcamentaria%2Cfuncao%2CsubFuncao%2Cprograma%2Cacao%2CprogramaGoverno%2Cautor%2CplanoOrcamentario%2CgrupoDespesa%2CelementoDespesa%2CmodalidadeDespesa%2CvalorDespesaEmpenhada%2CvalorDespesaLiquidada%2CvalorDespesaPaga%2CvalorRestoPago,Recursos novos,2202020.00,351806.83,3851.83,0
Federal,Ministério da Educação,Instituto Federal do Rio Grande do Sul,Educação Profissional e Tecnológica que Transforma,"Funcionamento das Instituições da Rede Federal de Educação Profissional, Científica e Tecnológica",20RL6500,Educação,Estudante matriculado (unidade): 4.837,"Nº 1.223, DE 23 DE MAIO DE 2024",https://portaldatransparencia.gov.br/despesas/orgao/consulta?paginacaoSimples=true&tamanhoPagina=&offset=&direcaoOrdenacao=asc&de=01%2F05%2F2024&ate=31%2F12%2F2024&orgaosOrcamentarios=OR26419&subTitulo=20RL6500&colunasSelecionadas=linkDetalhamento%2CmesAno%2CorgaoSuperior%2CorgaoVinculado%2CunidadeGestora%2CorgaoSuperiorOrcamentario%2CorgaoVinculadoOrcamentario%2CunidadeOrcamentaria%2Cfuncao%2CsubFuncao%2Cprograma%2Cacao%2CprogramaGoverno%2Cautor%2CplanoOrcamentario%2CgrupoDespesa%2CelementoDespesa%2CmodalidadeDespesa%2CvalorDespesaEmpenhada%2CvalorDespesaLiquidada%2CvalorDespesaPaga%2CvalorRestoPago,Recursos novos,2479949.00,351806.83,3851.83,0
Federal,Operações Oficiais de Crédito,Recursos sob Supervisão da Secretaria do Tesouro Nacional - Ministério da Fazenda,Agropecuária Sustentável,"Subvenção Econômica em Operações de Investimento Rural e Agroindustrial (Lei nº 8.427, de 1992)",03016501,Assistência Empresarial ou Auxílio ao Produtor Rural,Diverso,"Nº 1.218, DE 11 DE MAIO DE 2024",https://portaldatransparencia.gov.br/despesas/orgao/consulta?paginacaoSimples=true&tamanhoPagina=&offset=&direcaoOrdenacao=asc&de=01%2F05%2F2024&ate=31%2F12%2F2024&subTitulo=03016501&colunasSelecionadas=linkDetalhamento%2CmesAno%2CorgaoSuperior%2CorgaoVinculado%2CunidadeGestora%2CorgaoSuperiorOrcamentario%2CorgaoVinculadoOrcamentario%2CunidadeOrcamentaria%2Cfuncao%2CsubFuncao%2Cprograma%2Cacao%2CprogramaGoverno%2Cautor%2CplanoOrcamentario%2CgrupoDespesa%2CelementoDespesa%2CmodalidadeDespesa%2CvalorDespesaEmpenhada%2CvalorDespesaLiquidada%2CvalorDespesaPaga%2CvalorRestoPago,Linha de crédito,400000000.00,117000000.00,0,0
Federal,Ministério da Justiça e Segurança Pública,Departamento de Polícia Rodoviária Federal,Operações Especiais: Outros Encargos Especiais,Indenização Pela Flexibilização Voluntária do Repouso Remunerado,00QV6501,Segurança Pública,Indenização paga (unidade): 7.200,"Nº 1.218, DE 11 DE MAIO DE 2024 e Nº 1.223, DE 23 DE MAIO DE 2024",https://portaldatransparencia.gov.br/despesas/orgao/consulta?paginacaoSimples=true&tamanhoPagina=&offset=&direcaoOrdenacao=asc&de=01%2F05%2F2024&ate=31%2F12%2F2024&subTitulo=00QV6501&colunasSelecionadas=linkDetalhamento%2CmesAno%2CorgaoSuperior%2CorgaoVinculado%2CunidadeGestora%2CorgaoSuperiorOrcamentario%2CorgaoVinculadoOrcamentario%2CunidadeOrcamentaria%2Cfuncao%2CsubFuncao%2Cprograma%2Cacao%2CprogramaGoverno%2Cautor%2CplanoOrcamentario%2CgrupoDespesa%2CelementoDespesa%2CmodalidadeDespesa%2CvalorDespesaEmpenhada%2CvalorDespesaLiquidada%2CvalorDespesaPaga%2CvalorRestoPago,Recursos novos,6480000.00,1620000.00,0,0
Federal,Ministério do Meio Ambiente e Mudança do Clima,Instituto Brasileiro do Meio Ambiente e dos Recursos Naturais Renováveis - IBAMA,Programa de Gestão e Manutenção do Poder Executivo,Administração da Unidade,20006502,Meio Ambiente,Diverso,"Nº 1.223, DE 23 DE MAIO DE 2024",https://portaldatransparencia.gov.br/despesas/orgao/consulta?paginacaoSimples=true&tamanhoPagina=&offset=&direcaoOrdenacao=asc&de=01%2F05%2F2024&ate=31%2F12%2F2024&subTitulo=20006502&colunasSelecionadas=linkDetalhamento%2CmesAno%2CorgaoSuperior%2CorgaoVinculado%2CunidadeGestora%2CorgaoSuperiorOrcamentario%2CorgaoVinculadoOrcamentario%2CunidadeOrcamentaria%2Cfuncao%2CsubFuncao%2Cprograma%2Cacao%2CprogramaGoverno%2Cautor%2CplanoOrcamentario%2CgrupoDespesa%2CelementoDespesa%2CmodalidadeDespesa%2CvalorDespesaEmpenhada%2CvalorDespesaLiquidada%2CvalorDespesaPaga%2CvalorRestoPago,Recursos novos,1750000.00,1750000.00,0,0
Federal,"Transferências a Estados, Distrito Federal e Municípios",Recursos sob Supervisão do Ministério da Fazenda,Operações Especiais: Transferências Constitucionais e as Decorrentes de Legislação Específica,Apoio Financeiro aos Municípios do Estado do Rio Grande do Sul com Estado de Calamidade Pública Reconhecido pelo Poder Executivo Federal,00WF6500,Assistência Empresarial ou Auxílio ao Produtor Rural,Diverso,"Nº 1.223, DE 23 DE MAIO DE 2024",https://portaldatransparencia.gov.br/despesas/orgao/consulta?paginacaoSimples=true&tamanhoPagina=&offset=&direcaoOrdenacao=asc&de=01%2F05%2F2024&ate=31%2F12%2F2024&subTitulo=00WF6500&colunasSelecionadas=linkDetalhamento%2CmesAno%2CorgaoSuperior%2CorgaoVinculado%2CunidadeGestora%2CorgaoSuperiorOrcamentario%2CorgaoVinculadoOrcamentario%2CunidadeOrcamentaria%2Cfuncao%2CsubFuncao%2Cprograma%2Cacao%2CprogramaGoverno%2Cautor%2CplanoOrcamentario%2CgrupoDespesa%2CelementoDespesa%2CmodalidadeDespesa%2CvalorDespesaEmpenhada%2CvalorDespesaLiquidada%2CvalorDespesaPaga%2CvalorRestoPago,Recursos novos,189856138.00,189856137.53,0,0
Federal,Ministério da Saúde,Fundo Nacional de Saúde,Atenção Especializada à Saúde,Implantação e Manutenção da Força Nacional do Sistema Único de Saúde (FN-SUS),20QI6500,Saúde,Serviço estruturado (unidade): 1,"Nº 1.218, DE 11 DE MAIO DE 2024",https://portaldatransparencia.gov.br/despesas/orgao/consulta?paginacaoSimples=true&tamanhoPagina=&offset=&direcaoOrdenacao=asc&de=01%2F05%2F2024&ate=31%2F12%2F2024&subTitulo=20QI6500&colunasSelecionadas=linkDetalhamento%2CmesAno%2CorgaoSuperior%2CorgaoVinculado%2CunidadeGestora%2CorgaoSuperiorOrcamentario%2CorgaoVinculadoOrcamentario%2CunidadeOrcamentaria%2Cfuncao%2CsubFuncao%2Cprograma%2Cacao%2CprogramaGoverno%2Cautor%2CplanoOrcamentario%2CgrupoDespesa%2CelementoDespesa%2CmodalidadeDespesa%2CvalorDespesaEmpenhada%2CvalorDespesaLiquidada%2CvalorDespesaPaga%2CvalorRestoPago,Recursos novos,6019000.00,2000000.00,0,0
Federal,Ministério da Educação,Fundo Nacional de Desenvolvimento da Educação,"Educação Básica Democrática, com qualidade e equidade",Dinheiro Direto na Escola para a Educação Básica,05156501,Educação,Escola apoiada (unidade): 6.067,"Nº 1.218, DE 11 DE MAIO DE 2024",https://portaldatransparencia.gov.br/despesas/orgao/consulta?paginacaoSimples=true&tamanhoPagina=&offset=&direcaoOrdenacao=asc&de=01%2F05%2F2024&ate=31%2F12%2F2024&subTitulo=05156501&colunasSelecionadas=linkDetalhamento%2CmesAno%2CorgaoSuperior%2CorgaoVinculado%2CunidadeGestora%2CorgaoSuperiorOrcamentario%2CorgaoVinculadoOrcamentario%2CunidadeOrcamentaria%2Cfuncao%2CsubFuncao%2Cprograma%2Cacao%2CprogramaGoverno%2Cautor%2CplanoOrcamentario%2CgrupoDespesa%2CelementoDespesa%2CmodalidadeDespesa%2CvalorDespesaEmpenhada%2CvalorDespesaLiquidada%2CvalorDespesaPaga%2CvalorRestoPago,Recursos novos,46109200.00,36951200.00,0,0
Federal,Encargos Financeiros da União,Recursos sob Supervisão do Ministério da Fazenda,Operações Especiais: Outros Encargos Especiais,Integralização de Cotas no Fundo Garantidor de Operações (FGO) para o Programa Nacional de Apoio às Microempresas e Empresas de Pequeno Porte (Pronampe),00EE6501,Assistência Empresarial ou Auxílio ao Produtor Rural,Operação realizada (unidade): 1,"Nº 1.218, DE 11 DE MAIO DE 2024",https://portaldatransparencia.gov.br/despesas/orgao/consulta?paginacaoSimples=true&tamanhoPagina=&offset=&direcaoOrdenacao=asc&de=01%2F05%2F2024&ate=31%2F12%2F2024&subTitulo=00EE6501&colunasSelecionadas=linkDetalhamento%2CmesAno%2CorgaoSuperior%2CorgaoVinculado%2CunidadeGestora%2CorgaoSuperiorOrcamentario%2CorgaoVinculadoOrcamentario%2CunidadeOrcamentaria%2Cfuncao%2CsubFuncao%2Cprograma%2Cacao%2CprogramaGoverno%2Cautor%2CplanoOrcamentario%2CgrupoDespesa%2CelementoDespesa%2CmodalidadeDespesa%2CvalorDespesaEmpenhada%2CvalorDespesaLiquidada%2CvalorDespesaPaga%2CvalorRestoPago,Linha de crédito,4500000000.00,4500000000.00,0,0
Federal,Operações Oficiais de Crédito,Recursos sob Supervisão da Secretaria do Tesouro Nacional - Ministério da Fazenda,Agricultura Familiar e Agroecologia,"Subvenção Econômica em Operações no âmbito do Programa Nacional de Fortalecimento da Agricultura Familiar - PRONAF (Lei nº 8.427, de 1992)",02816502,Assistência Empresarial ou Auxílio ao Produtor Rural,Diverso,"Nº 1.218, DE 11 DE MAIO DE 2024",https://portaldatransparencia.gov.br/despesas/orgao/consulta?paginacaoSimples=true&tamanhoPagina=&offset=&direcaoOrdenacao=asc&de=01%2F05%2F2024&ate=31%2F12%2F2024&subTitulo=02816502&colunasSelecionadas=linkDetalhamento%2CmesAno%2CorgaoSuperior%2CorgaoVinculado%2CunidadeGestora%2CorgaoSuperiorOrcamentario%2CorgaoVinculadoOrcamentario%2CunidadeOrcamentaria%2Cfuncao%2CsubFuncao%2Cprograma%2Cacao%2CprogramaGoverno%2Cautor%2CplanoOrcamentario%2CgrupoDespesa%2CelementoDespesa%2CmodalidadeDespesa%2CvalorDespesaEmpenhada%2CvalorDespesaLiquidada%2CvalorDespesaPaga%2CvalorRestoPago,Linha de crédito,600000000.00,592000000.00,0,0
Federal,"Ministério do Desenvolvimento e Assistência Social, Família e Combate à Fome","Ministério do Desenvolvimento e Assistência Social, Família e Combate à Fome - Adm. Direta",Segurança Alimentar e Nutricional e Combate à Fome,Distribuição de Alimentos a Grupos Populacionais Tradicionais e Específicos e a Famílias em Situação de Insegurança Alimentar e Nutricional Advindas de Situações de Emergência ou Calamidade Pública,27926502,Assistência Social,Família beneficiada (unidade): 100.000,"Nº 1.218, DE 11 DE MAIO DE 2024",https://portaldatransparencia.gov.br/despesas/orgao/consulta?paginacaoSimples=true&tamanhoPagina=&offset=&direcaoOrdenacao=asc&de=01%2F05%2F2024&ate=31%2F12%2F2024&subTitulo=27926502&colunasSelecionadas=linkDetalhamento%2CmesAno%2CorgaoSuperior%2CorgaoVinculado%2CunidadeGestora%2CorgaoSuperiorOrcamentario%2CorgaoVinculadoOrcamentario%2CunidadeOrcamentaria%2Cfuncao%2CsubFuncao%2Cprograma%2Cacao%2CprogramaGoverno%2Cautor%2CplanoOrcamentario%2CgrupoDespesa%2CelementoDespesa%2CmodalidadeDespesa%2CvalorDespesaEmpenhada%2CvalorDespesaLiquidada%2CvalorDespesaPaga%2CvalorRestoPago,Recursos novos,30664530.00,8397480.00,0,0
Federal,Ministério dos Transportes,Departamento Nacional de Infraestrutura de Transportes - DNIT,Transporte Rodoviário,Intervenções para Recuperação e Restauração de Rodovias Federais,163Q6500,Transporte,Obra concluída (unidade): 250,"Nº 1.218, DE 11 DE MAIO DE 2024",https://portaldatransparencia.gov.br/despesas/orgao/consulta?paginacaoSimples=true&tamanhoPagina=&offset=&direcaoOrdenacao=asc&de=01%2F05%2F2024&ate=31%2F12%2F2024&subTitulo=163Q6500&colunasSelecionadas=linkDetalhamento%2CmesAno%2CorgaoSuperior%2CorgaoVinculado%2CunidadeGestora%2CorgaoSuperiorOrcamentario%2CorgaoVinculadoOrcamentario%2CunidadeOrcamentaria%2Cfuncao%2CsubFuncao%2Cprograma%2Cacao%2CprogramaGoverno%2Cautor%2CplanoOrcamentario%2CgrupoDespesa%2CelementoDespesa%2CmodalidadeDespesa%2CvalorDespesaEmpenhada%2CvalorDespesaLiquidada%2CvalorDespesaPaga%2CvalorRestoPago,Recursos novos,1185949636.00,98604567.58,0,0
Federal,Ministério do Meio Ambiente e Mudança do Clima,Instituto Brasileiro do Meio Ambiente e dos Recursos Naturais Renováveis - IBAMA,Proteção e Recuperação da Biodiversidade e Combate ao Desmatamento e Incêndios,Controle e Fiscalização Ambiental,214N6500,Meio Ambiente,Ação realizada (unidade): 1,"Nº 1.223, DE 23 DE MAIO DE 2024",https://portaldatransparencia.gov.br/despesas/orgao/consulta?paginacaoSimples=true&tamanhoPagina=&offset=&direcaoOrdenacao=asc&de=01%2F05%2F2024&ate=31%2F12%2F2024&subTitulo=214N6500&colunasSelecionadas=linkDetalhamento%2CmesAno%2CorgaoSuperior%2CorgaoVinculado%2CunidadeGestora%2CorgaoSuperiorOrcamentario%2CorgaoVinculadoOrcamentario%2CunidadeOrcamentaria%2Cfuncao%2CsubFuncao%2Cprograma%2Cacao%2CprogramaGoverno%2Cautor%2CplanoOrcamentario%2CgrupoDespesa%2CelementoDespesa%2CmodalidadeDespesa%2CvalorDespesaEmpenhada%2CvalorDespesaLiquidada%2CvalorDespesaPaga%2CvalorRestoPago,Recursos novos,7250000.00,0,0,0
Federal,Ministério do Meio Ambiente e Mudança do Clima,Instituto Brasileiro do Meio Ambiente e dos Recursos Naturais Renováveis - IBAMA,Proteção e Recuperação da Biodiversidade e Combate ao Desmatamento e Incêndios,Gestão do Uso Sustentável da Biodiversidade e Recuperação Ambiental,214O6500,Meio Ambiente,Ação realizada (unidade): 1,"Nº 1.223, DE 23 DE MAIO DE 2024",https://portaldatransparencia.gov.br/despesas/orgao/consulta?paginacaoSimples=true&tamanhoPagina=&offset=&direcaoOrdenacao=asc&de=01%2F05%2F2024&ate=31%2F12%2F2024&subTitulo=214O6500&colunasSelecionadas=linkDetalhamento%2CmesAno%2CorgaoSuperior%2CorgaoVinculado%2CunidadeGestora%2CorgaoSuperiorOrcamentario%2CorgaoVinculadoOrcamentario%2CunidadeOrcamentaria%2Cfuncao%2CsubFuncao%2Cprograma%2Cacao%2CprogramaGoverno%2Cautor%2CplanoOrcamentario%2CgrupoDespesa%2CelementoDespesa%2CmodalidadeDespesa%2CvalorDespesaEmpenhada%2CvalorDespesaLiquidada%2CvalorDespesaPaga%2CvalorRestoPago,Recursos novos,1000000.00,0,0,0
Federal,Ministério da Agricultura e Pecuária,Ministério da Agricultura e Pecuária - Administração Direta,Agropecuária Sustentável,"Subvenção Econômica nas Aquisições do Governo Federal e na Formação de Estoques Reguladores e Estratégicos - AGF (Lei nº 8.427, de 1992)",02996502,Assistência Empresarial ou Auxílio ao Produtor Rural,Diverso,"Nº 1.218, DE 11 DE MAIO DE 2024",https://portaldatransparencia.gov.br/despesas/orgao/consulta?paginacaoSimples=true&tamanhoPagina=&offset=&direcaoOrdenacao=asc&de=01%2F05%2F2024&ate=31%2F12%2F2024&subTitulo=02996502&colunasSelecionadas=linkDetalhamento%2CmesAno%2CorgaoSuperior%2CorgaoVinculado%2CunidadeGestora%2CorgaoSuperiorOrcamentario%2CorgaoVinculadoOrcamentario%2CunidadeOrcamentaria%2Cfuncao%2CsubFuncao%2Cprograma%2Cacao%2CprogramaGoverno%2Cautor%2CplanoOrcamentario%2CgrupoDespesa%2CelementoDespesa%2CmodalidadeDespesa%2CvalorDespesaEmpenhada%2CvalorDespesaLiquidada%2CvalorDespesaPaga%2CvalorRestoPago,Recursos novos,100000000.00,0,0,0
Federal,Ministério da Agricultura e Pecuária,Ministério da Agricultura e Pecuária - Administração Direta,Agropecuária Sustentável,"Subvenção Econômica nas Aquisições do Governo Federal e na Formação de Estoques Reguladores e Estratégicos - AGF (Lei nº 8.427, de 1992)",11440299,Assistência Empresarial ou Auxílio ao Produtor Rural,Diverso,"Nº 1.225, DE 24 DE MAIO DE 2024",https://portaldatransparencia.gov.br/despesas/orgao/consulta?paginacaoSimples=true&tamanhoPagina=&offset=&direcaoOrdenacao=asc&de=01%2F05%2F2024&ate=31%2F12%2F2024&subTitulo=11440299&colunasSelecionadas=linkDetalhamento%2CmesAno%2CorgaoSuperior%2CorgaoVinculado%2CunidadeGestora%2CorgaoSuperiorOrcamentario%2CorgaoVinculadoOrcamentario%2CunidadeOrcamentaria%2Cfuncao%2CsubFuncao%2Cprograma%2Cacao%2CprogramaGoverno%2Cautor%2CplanoOrcamentario%2CgrupoDespesa%2CelementoDespesa%2CmodalidadeDespesa%2CvalorDespesaEmpenhada%2CvalorDespesaLiquidada%2CvalorDespesaPaga%2CvalorRestoPago&ordenarPor=mesAno&direcao=desc,Recursos novos,1920514000.00,0,0,0
Federal,Operações Oficiais de Crédito,"Recursos sob Supervisão do Ministério do Empreendedorismo, da Microempresa e da Empresa de Pequeno Porte",Operações Especiais: Outros Encargos Especiais,"Subvenção Econômica em Operações no âmbito do Programa Nacional de Apoio a Microempresas e Empresas de Pequeno Porte - PRONAMPE (Medida Provisória nº 1.216, de 2024)",00WB6500,Assistência Empresarial ou Auxílio ao Produtor Rural,Diverso,"Nº 1.218, DE 11 DE MAIO DE 2024",https://portaldatransparencia.gov.br/despesas/orgao/consulta?paginacaoSimples=true&tamanhoPagina=&offset=&direcaoOrdenacao=asc&de=01%2F05%2F2024&ate=31%2F12%2F2024&subTitulo=00WB6500&colunasSelecionadas=linkDetalhamento%2CmesAno%2CorgaoSuperior%2CorgaoVinculado%2CunidadeGestora%2CorgaoSuperiorOrcamentario%2CorgaoVinculadoOrcamentario%2CunidadeOrcamentaria%2Cfuncao%2CsubFuncao%2Cprograma%2Cacao%2CprogramaGoverno%2Cautor%2CplanoOrcamentario%2CgrupoDespesa%2CelementoDespesa%2CmodalidadeDespesa%2CvalorDespesaEmpenhada%2CvalorDespesaLiquidada%2CvalorDespesaPaga%2CvalorRestoPago,Linha de crédito,1000000000.00,0,0,0
Federal,Ministério do Desenvolvimento Agrário e Agricultura Familiar,Companhia Nacional de Abastecimento - CONAB,Abastecimento e Soberania Alimentar,Formação de Estoques Públicos - AGF,56362130,Assistência Social,Diverso,"Nº 1.225, DE 24 DE MAIO DE 2024",https://portaldatransparencia.gov.br/despesas/orgao/consulta?paginacaoSimples=true&tamanhoPagina=&offset=&direcaoOrdenacao=asc&de=01%2F05%2F2024&ate=31%2F12%2F2024&subTitulo=56362130&colunasSelecionadas=linkDetalhamento%2CmesAno%2CorgaoSuperior%2CorgaoVinculado%2CunidadeGestora%2CorgaoSuperiorOrcamentario%2CorgaoVinculadoOrcamentario%2CunidadeOrcamentaria%2Cfuncao%2CsubFuncao%2Cprograma%2Cacao%2CprogramaGoverno%2Cautor%2CplanoOrcamentario%2CgrupoDespesa%2CelementoDespesa%2CmodalidadeDespesa%2CvalorDespesaEmpenhada%2CvalorDespesaLiquidada%2CvalorDespesaPaga%2CvalorRestoPago&ordenarPor=mesAno&direcao=desc,Recursos novos,4758409000.00,0,0,0
Federal,Ministério do Desenvolvimento Agrário e Agricultura Familiar,Companhia Nacional de Abastecimento - CONAB,Programa de Gestão e Manutenção do Poder Executivo,Administração da Unidade,00322000,Assistência Social,Diverso,"Nº 1.225, DE 24 DE MAIO DE 2024",https://portaldatransparencia.gov.br/despesas/orgao/consulta?paginacaoSimples=true&tamanhoPagina=&offset=&direcaoOrdenacao=asc&de=01%2F05%2F2024&ate=31%2F12%2F2024&subTitulo=00322000&colunasSelecionadas=linkDetalhamento%2CmesAno%2CorgaoSuperior%2CorgaoVinculado%2CunidadeGestora%2CorgaoSuperiorOrcamentario%2CorgaoVinculadoOrcamentario%2CunidadeOrcamentaria%2Cfuncao%2CsubFuncao%2Cprograma%2Cacao%2CprogramaGoverno%2Cautor%2CplanoOrcamentario%2CgrupoDespesa%2CelementoDespesa%2CmodalidadeDespesa%2CvalorDespesaEmpenhada%2CvalorDespesaLiquidada%2CvalorDespesaPaga%2CvalorRestoPago&ordenarPor=mesAno&direcao=desc,Recursos novos,20000000.00,0,0,0
Federal,Defensoria Pública da União,Defensoria Pública da União,Programa de Gestão e Manutenção da Defensoria Pública da União,Publicidade Institucional e de Utilidade Pública,219I6500,Justiça,Diverso,"Nº 1.223, DE 23 DE MAIO DE 2024",https://portaldatransparencia.gov.br/despesas/orgao/consulta?paginacaoSimples=true&tamanhoPagina=&offset=&direcaoOrdenacao=asc&de=01%2F05%2F2024&ate=31%2F05%2F2024&subTitulo=219I6500&colunasSelecionadas=linkDetalhamento%2CmesAno%2CorgaoSuperior%2CorgaoVinculado%2CunidadeGestora%2CorgaoSuperiorOrcamentario%2CorgaoVinculadoOrcamentario%2CunidadeOrcamentaria%2Cfuncao%2CsubFuncao%2Cprograma%2Cacao%2CprogramaGoverno%2Cautor%2CplanoOrcamentario%2CgrupoDespesa%2CelementoDespesa%2CmodalidadeDespesa%2CvalorDespesaEmpenhada%2CvalorDespesaLiquidada%2CvalorDespesaPaga%2CvalorRestoPago,Recursos novos,327060.00,0,0,0
Federal,Defensoria Pública da União,Defensoria Pública da União,Programa de Gestão e Manutenção da Defensoria Pública da União,Apoio à Assistência Jurídica ao Cidadão,21CZ6500,Justiça,Diverso,"Nº 1.223, DE 23 DE MAIO DE 2024",https://portaldatransparencia.gov.br/despesas/orgao/consulta?paginacaoSimples=true&tamanhoPagina=&offset=&direcaoOrdenacao=asc&de=01%2F05%2F2024&ate=31%2F05%2F2024&subTitulo=21CZ6500&colunasSelecionadas=linkDetalhamento%2CmesAno%2CorgaoSuperior%2CorgaoVinculado%2CunidadeGestora%2CorgaoSuperiorOrcamentario%2CorgaoVinculadoOrcamentario%2CunidadeOrcamentaria%2Cfuncao%2CsubFuncao%2Cprograma%2Cacao%2CprogramaGoverno%2Cautor%2CplanoOrcamentario%2CgrupoDespesa%2CelementoDespesa%2CmodalidadeDespesa%2CvalorDespesaEmpenhada%2CvalorDespesaLiquidada%2CvalorDespesaPaga%2CvalorRestoPago,Recursos novos,6236581.00,0,0,0
Federal,Defensoria Pública da União,Defensoria Pública da União,Programa de Gestão e Manutenção da Defensoria Pública da União,Prestação de Assistência Jurídica ao Cidadão,27256500,Justiça,Diverso,"Nº 1.223, DE 23 DE MAIO DE 2024",https://portaldatransparencia.gov.br/despesas/orgao/consulta?paginacaoSimples=true&tamanhoPagina=&offset=&direcaoOrdenacao=asc&de=01%2F05%2F2024&ate=31%2F05%2F2024&subTitulo=27256500&colunasSelecionadas=linkDetalhamento%2CmesAno%2CorgaoSuperior%2CorgaoVinculado%2CunidadeGestora%2CorgaoSuperiorOrcamentario%2CorgaoVinculadoOrcamentario%2CunidadeOrcamentaria%2Cfuncao%2CsubFuncao%2Cprograma%2Cacao%2CprogramaGoverno%2Cautor%2CplanoOrcamentario%2CgrupoDespesa%2CelementoDespesa%2CmodalidadeDespesa%2CvalorDespesaEmpenhada%2CvalorDespesaLiquidada%2CvalorDespesaPaga%2CvalorRestoPago,Recursos novos,7268052.00,0,0,0
Federal,Ministério da Saúde,Hospital Nossa Senhora da Conceição S.A. - CONCEIÇÃO,Programa de Gestão e Manutenção do Poder Executivo,Ativos Civis da União,20TP6501,Saúde,Diverso,"Nº 1.218, DE 11 DE MAIO DE 2024",https://portaldatransparencia.gov.br/despesas/orgao/consulta?paginacaoSimples=true&tamanhoPagina=&offset=&direcaoOrdenacao=asc&de=01%2F05%2F2024&ate=31%2F12%2F2024&subTitulo=20TP6501&colunasSelecionadas=linkDetalhamento%2CmesAno%2CorgaoSuperior%2CorgaoVinculado%2CunidadeGestora%2CorgaoSuperiorOrcamentario%2CorgaoVinculadoOrcamentario%2CunidadeOrcamentaria%2Cfuncao%2CsubFuncao%2Cprograma%2Cacao%2CprogramaGoverno%2Cautor%2CplanoOrcamentario%2CgrupoDespesa%2CelementoDespesa%2CmodalidadeDespesa%2CvalorDespesaEmpenhada%2CvalorDespesaLiquidada%2CvalorDespesaPaga%2CvalorRestoPago,Recursos novos,44951000.00,0,0,0
Federal,Ministério da Saúde,Hospital Nossa Senhora da Conceição S.A. - CONCEIÇÃO,Programa de Gestão e Manutenção do Poder Executivo,"Benefícios Obrigatórios aos Servidores Civis, Empregados, Militares e seus Dependentes",212B6501,Saúde,Diverso,"Nº 1.218, DE 11 DE MAIO DE 2024",https://portaldatransparencia.gov.br/despesas/orgao/consulta?paginacaoSimples=true&tamanhoPagina=&offset=&direcaoOrdenacao=asc&de=01%2F05%2F2024&ate=31%2F12%2F2024&subTitulo=212B6501&colunasSelecionadas=linkDetalhamento%2CmesAno%2CorgaoSuperior%2CorgaoVinculado%2CunidadeGestora%2CorgaoSuperiorOrcamentario%2CorgaoVinculadoOrcamentario%2CunidadeOrcamentaria%2Cfuncao%2CsubFuncao%2Cprograma%2Cacao%2CprogramaGoverno%2Cautor%2CplanoOrcamentario%2CgrupoDespesa%2CelementoDespesa%2CmodalidadeDespesa%2CvalorDespesaEmpenhada%2CvalorDespesaLiquidada%2CvalorDespesaPaga%2CvalorRestoPago,Recursos novos,7889420.00,0,0,0
Federal,"Ministério do Desenvolvimento e Assistência Social, Família e Combate à Fome",Fundo Nacional de Assistência Social,Proteção Social pelo Sistema Único de Assistência Social (SUAS),Ações de Proteção Social Básica,219E6500,Assistência Social,Ente federativo apoiado (unidade): 435,"Nº 1.218, DE 11 DE MAIO DE 2024",https://portaldatransparencia.gov.br/despesas/orgao/consulta?paginacaoSimples=true&tamanhoPagina=&offset=&direcaoOrdenacao=asc&de=01%2F05%2F2024&ate=31%2F12%2F2024&subTitulo=219E6500&colunasSelecionadas=linkDetalhamento%2CmesAno%2CorgaoSuperior%2CorgaoVinculado%2CunidadeGestora%2CorgaoSuperiorOrcamentario%2CorgaoVinculadoOrcamentario%2CunidadeOrcamentaria%2Cfuncao%2CsubFuncao%2Cprograma%2Cacao%2CprogramaGoverno%2Cautor%2CplanoOrcamentario%2CgrupoDespesa%2CelementoDespesa%2CmodalidadeDespesa%2CvalorDespesaEmpenhada%2CvalorDespesaLiquidada%2CvalorDespesaPaga%2CvalorRestoPago,Recursos novos,11663310.00,0,0,0
Federal,"Ministério do Desenvolvimento e Assistência Social, Família e Combate à Fome","Ministério do Desenvolvimento e Assistência Social, Família e Combate à Fome - Adm. Direta",Proteção Social pelo Sistema Único de Assistência Social (SUAS),"Apoio à Organização, à Gestão e à Vigilância Social no Território, no âmbito do Sistema Único de Assistência Social - SUAS",88936501,Assistência Social,Ente federativo apoiado (unidade): 435,"Nº 1.218, DE 11 DE MAIO DE 2024",https://portaldatransparencia.gov.br/despesas/orgao/consulta?paginacaoSimples=true&tamanhoPagina=&offset=&direcaoOrdenacao=asc&de=01%2F05%2F2024&ate=31%2F12%2F2024&subTitulo=88936501&colunasSelecionadas=linkDetalhamento%2CmesAno%2CorgaoSuperior%2CorgaoVinculado%2CunidadeGestora%2CorgaoSuperiorOrcamentario%2CorgaoVinculadoOrcamentario%2CunidadeOrcamentaria%2Cfuncao%2CsubFuncao%2Cprograma%2Cacao%2CprogramaGoverno%2Cautor%2CplanoOrcamentario%2CgrupoDespesa%2CelementoDespesa%2CmodalidadeDespesa%2CvalorDespesaEmpenhada%2CvalorDespesaLiquidada%2CvalorDespesaPaga%2CvalorRestoPago,Recursos novos,3000000.00,0,0,0
Federal,Ministério da Saúde,Fundo Nacional de Saúde,Atenção Primária à Saúde,Piso de Atenção Primária à Saúde,219A6502,Saúde,Ente federativo apoiado (unidade): 497,"Nº 1.218, DE 11 DE MAIO DE 2024",https://portaldatransparencia.gov.br/despesas/orgao/consulta?paginacaoSimples=true&tamanhoPagina=&offset=&direcaoOrdenacao=asc&de=01%2F05%2F2024&ate=31%2F12%2F2024&subTitulo=219A6502&colunasSelecionadas=linkDetalhamento%2CmesAno%2CorgaoSuperior%2CorgaoVinculado%2CunidadeGestora%2CorgaoSuperiorOrcamentario%2CorgaoVinculadoOrcamentario%2CunidadeOrcamentaria%2Cfuncao%2CsubFuncao%2Cprograma%2Cacao%2CprogramaGoverno%2Cautor%2CplanoOrcamentario%2CgrupoDespesa%2CelementoDespesa%2CmodalidadeDespesa%2CvalorDespesaEmpenhada%2CvalorDespesaLiquidada%2CvalorDespesaPaga%2CvalorRestoPago,Recursos novos,107815310.00,0,0,0
Federal,"Ministério do Desenvolvimento e Assistência Social, Família e Combate à Fome","Ministério do Desenvolvimento e Assistência Social, Família e Combate à Fome - Adm. Direta",Segurança Alimentar e Nutricional e Combate à Fome,Apoio aos Equipamentos de Segurança Alimentar e Nutricional,89296500,Assistência Social,Equipamento apoiado (unidade): 60,"Nº 1.218, DE 11 DE MAIO DE 2024",https://portaldatransparencia.gov.br/despesas/orgao/consulta?paginacaoSimples=true&tamanhoPagina=&offset=&direcaoOrdenacao=asc&de=01%2F05%2F2024&ate=31%2F12%2F2024&subTitulo=89296500&colunasSelecionadas=linkDetalhamento%2CmesAno%2CorgaoSuperior%2CorgaoVinculado%2CunidadeGestora%2CorgaoSuperiorOrcamentario%2CorgaoVinculadoOrcamentario%2CunidadeOrcamentaria%2Cfuncao%2CsubFuncao%2Cprograma%2Cacao%2CprogramaGoverno%2Cautor%2CplanoOrcamentario%2CgrupoDespesa%2CelementoDespesa%2CmodalidadeDespesa%2CvalorDespesaEmpenhada%2CvalorDespesaLiquidada%2CvalorDespesaPaga%2CvalorRestoPago,Recursos novos,5000000.00,0,0,0
Federal,Ministério da Educação,Universidade Federal do Rio Grande do Sul,"Educação Superior: Qualidade, Democracia, Equidade e Sustentabilidade",Funcionamento de Instituições Federais de Ensino Superior,20RK6502,Educação,Estudante matriculado (unidade): 32.471,"Nº 1.223, DE 23 DE MAIO DE 2024",https://portaldatransparencia.gov.br/despesas/orgao/consulta?paginacaoSimples=true&tamanhoPagina=&offset=&direcaoOrdenacao=asc&de=01%2F05%2F2024&ate=31%2F12%2F2024&orgaosOrcamentarios=OR26244&subTitulo=20RK6502&colunasSelecionadas=linkDetalhamento%2CmesAno%2CorgaoSuperior%2CorgaoVinculado%2CunidadeGestora%2CorgaoSuperiorOrcamentario%2CorgaoVinculadoOrcamentario%2CunidadeOrcamentaria%2Cfuncao%2CsubFuncao%2Cprograma%2Cacao%2CprogramaGoverno%2Cautor%2CplanoOrcamentario%2CgrupoDespesa%2CelementoDespesa%2CmodalidadeDespesa%2CvalorDespesaEmpenhada%2CvalorDespesaLiquidada%2CvalorDespesaPaga%2CvalorRestoPago,Recursos novos,1550000.00,0,0,0
Federal,Ministério da Educação,Fundação Universidade Federal do Rio Grande,"Educação Superior: Qualidade, Democracia, Equidade e Sustentabilidade",Funcionamento de Instituições Federais de Ensino Superior,20RK6502,Educação,Estudante matriculado (unidade): 5.147,"Nº 1.223, DE 23 DE MAIO DE 2024",https://portaldatransparencia.gov.br/despesas/orgao/consulta?paginacaoSimples=true&tamanhoPagina=&offset=&direcaoOrdenacao=asc&de=01%2F05%2F2024&ate=31%2F12%2F2024&orgaosOrcamentarios=OR26244&subTitulo=20RK6502&colunasSelecionadas=linkDetalhamento%2CmesAno%2CorgaoSuperior%2CorgaoVinculado%2CunidadeGestora%2CorgaoSuperiorOrcamentario%2CorgaoVinculadoOrcamentario%2CunidadeOrcamentaria%2Cfuncao%2CsubFuncao%2Cprograma%2Cacao%2CprogramaGoverno%2Cautor%2CplanoOrcamentario%2CgrupoDespesa%2CelementoDespesa%2CmodalidadeDespesa%2CvalorDespesaEmpenhada%2CvalorDespesaLiquidada%2CvalorDespesaPaga%2CvalorRestoPago,Recursos novos,2000000.00,0,0,0
Federal,Ministério da Educação,Fundação Universidade Federal de Pelotas,"Educação Superior: Qualidade, Democracia, Equidade e Sustentabilidade",Funcionamento de Instituições Federais de Ensino Superior,20RK6502,Educação,Estudante matriculado (unidade): 5.771,"Nº 1.223, DE 23 DE MAIO DE 2024",https://portaldatransparencia.gov.br/despesas/orgao/consulta?paginacaoSimples=true&tamanhoPagina=&offset=&direcaoOrdenacao=asc&de=01%2F05%2F2024&ate=31%2F12%2F2024&orgaosOrcamentarios=OR26244&subTitulo=20RK6502&colunasSelecionadas=linkDetalhamento%2CmesAno%2CorgaoSuperior%2CorgaoVinculado%2CunidadeGestora%2CorgaoSuperiorOrcamentario%2CorgaoVinculadoOrcamentario%2CunidadeOrcamentaria%2Cfuncao%2CsubFuncao%2Cprograma%2Cacao%2CprogramaGoverno%2Cautor%2CplanoOrcamentario%2CgrupoDespesa%2CelementoDespesa%2CmodalidadeDespesa%2CvalorDespesaEmpenhada%2CvalorDespesaLiquidada%2CvalorDespesaPaga%2CvalorRestoPago,Recursos novos,1180000.00,0,0,0
Federal,Ministério da Educação,Fundação Universidade Federal do Pampa,"Educação Superior: Qualidade, Democracia, Equidade e Sustentabilidade",Funcionamento de Instituições Federais de Ensino Superior,20RK6502,Educação,Estudante matriculado (unidade): 5.880,"Nº 1.223, DE 23 DE MAIO DE 2024",https://portaldatransparencia.gov.br/despesas/orgao/consulta?paginacaoSimples=true&tamanhoPagina=&offset=&direcaoOrdenacao=asc&de=01%2F05%2F2024&ate=31%2F12%2F2024&orgaosOrcamentarios=OR26244&subTitulo=20RK6502&colunasSelecionadas=linkDetalhamento%2CmesAno%2CorgaoSuperior%2CorgaoVinculado%2CunidadeGestora%2CorgaoSuperiorOrcamentario%2CorgaoVinculadoOrcamentario%2CunidadeOrcamentaria%2Cfuncao%2CsubFuncao%2Cprograma%2Cacao%2CprogramaGoverno%2Cautor%2CplanoOrcamentario%2CgrupoDespesa%2CelementoDespesa%2CmodalidadeDespesa%2CvalorDespesaEmpenhada%2CvalorDespesaLiquidada%2CvalorDespesaPaga%2CvalorRestoPago,Recursos novos,1880000.00,0,0,0
Federal,"Ministério do Desenvolvimento e Assistência Social, Família e Combate à Fome","Ministério do Desenvolvimento e Assistência Social, Família e Combate à Fome - Adm. Direta",Segurança Alimentar e Nutricional e Combate à Fome,Aquisição e Distribuição de Alimentos da Agricultura Familiar para Promoção da Segurança Alimentar e Nutricional,27986501,Assistência Social,Família agricultora beneficiada (unidade): 1.333,"Nº 1.218, DE 11 DE MAIO DE 2024",https://portaldatransparencia.gov.br/despesas/orgao/consulta?paginacaoSimples=true&tamanhoPagina=&offset=&direcaoOrdenacao=asc&de=01%2F05%2F2024&ate=31%2F12%2F2024&subTitulo=27986501&colunasSelecionadas=linkDetalhamento%2CmesAno%2CorgaoSuperior%2CorgaoVinculado%2CunidadeGestora%2CorgaoSuperiorOrcamentario%2CorgaoVinculadoOrcamentario%2CunidadeOrcamentaria%2Cfuncao%2CsubFuncao%2Cprograma%2Cacao%2CprogramaGoverno%2Cautor%2CplanoOrcamentario%2CgrupoDespesa%2CelementoDespesa%2CmodalidadeDespesa%2CvalorDespesaEmpenhada%2CvalorDespesaLiquidada%2CvalorDespesaPaga%2CvalorRestoPago,Recursos novos,20000000.00,0,0,0
Federal,Ministério das Comunicações,Ministério das Comunicações - Administração Direta,Comunicações para Inclusão e Transformação,Apoio a Iniciativas e Projetos de Inclusão Digital,20V86500,Comunicação,Iniciativa apoiada (unidade): 1,"Nº 1.223, DE 23 DE MAIO DE 2024",https://portaldatransparencia.gov.br/despesas/orgao/consulta?paginacaoSimples=true&tamanhoPagina=&offset=&direcaoOrdenacao=asc&de=01%2F05%2F2024&ate=31%2F12%2F2024&subTitulo=20V86500&colunasSelecionadas=linkDetalhamento%2CmesAno%2CorgaoSuperior%2CorgaoVinculado%2CunidadeGestora%2CorgaoSuperiorOrcamentario%2CorgaoVinculadoOrcamentario%2CunidadeOrcamentaria%2Cfuncao%2CsubFuncao%2Cprograma%2Cacao%2CprogramaGoverno%2Cautor%2CplanoOrcamentario%2CgrupoDespesa%2CelementoDespesa%2CmodalidadeDespesa%2CvalorDespesaEmpenhada%2CvalorDespesaLiquidada%2CvalorDespesaPaga%2CvalorRestoPago,Recursos novos,12140205.00,0,0,0
Federal,Ministério dos Direitos Humanos e da Cidadania,Ministério dos Direitos Humanos e da Cidadania - Administração Direta,"Promoção da Cidadania, Defesa de Direitos Humanos e Reparação de Violações",Promoção e Defesa dos Direitos Humanos para Todos e Reparação de Violações,21G56501,Justiça,Iniciativa apoiada (unidade): 1,"Nº 1.223, DE 23 DE MAIO DE 2024",https://portaldatransparencia.gov.br/despesas/orgao/consulta?paginacaoSimples=true&tamanhoPagina=&offset=&direcaoOrdenacao=asc&de=01%2F05%2F2024&ate=31%2F12%2F2024&subTitulo=21G56501&colunasSelecionadas=linkDetalhamento%2CmesAno%2CorgaoSuperior%2CorgaoVinculado%2CunidadeGestora%2CorgaoSuperiorOrcamentario%2CorgaoVinculadoOrcamentario%2CunidadeOrcamentaria%2Cfuncao%2CsubFuncao%2Cprograma%2Cacao%2CprogramaGoverno%2Cautor%2CplanoOrcamentario%2CgrupoDespesa%2CelementoDespesa%2CmodalidadeDespesa%2CvalorDespesaEmpenhada%2CvalorDespesaLiquidada%2CvalorDespesaPaga%2CvalorRestoPago,Recursos novos,1000000.00,0,0,0
Federal,Ministério da Saúde,Fundo Nacional de Saúde,Qualificação da Assistência Farmacêutica no Sistema Único de Saúde,Promoção da Assistência Farmacêutica por meio da Disponibilização de Medicamentos do Componente Especializado,47056500,Saúde,Medicamento disponibilizado (unidade): 1.948.000,"Nº 1.218, DE 11 DE MAIO DE 2024",https://portaldatransparencia.gov.br/despesas/orgao/consulta?paginacaoSimples=true&tamanhoPagina=&offset=&direcaoOrdenacao=asc&de=01%2F05%2F2024&ate=31%2F12%2F2024&subTitulo=47056500&colunasSelecionadas=linkDetalhamento%2CmesAno%2CorgaoSuperior%2CorgaoVinculado%2CunidadeGestora%2CorgaoSuperiorOrcamentario%2CorgaoVinculadoOrcamentario%2CunidadeOrcamentaria%2Cfuncao%2CsubFuncao%2Cprograma%2Cacao%2CprogramaGoverno%2Cautor%2CplanoOrcamentario%2CgrupoDespesa%2CelementoDespesa%2CmodalidadeDespesa%2CvalorDespesaEmpenhada%2CvalorDespesaLiquidada%2CvalorDespesaPaga%2CvalorRestoPago,Recursos novos,59750000.00,0,0,0
Federal,Ministério da Saúde,Fundo Nacional de Saúde,Qualificação da Assistência Farmacêutica no Sistema Único de Saúde,Promoção da Assistência Farmacêutica por Meio da Disponibilização de Medicamentos e Insumos em Saúde do Componente Estratégico,43686500,Saúde,Medicamento disponibilizado (unidade): 945.000,"Nº 1.218, DE 11 DE MAIO DE 2024",https://portaldatransparencia.gov.br/despesas/orgao/consulta?paginacaoSimples=true&tamanhoPagina=&offset=&direcaoOrdenacao=asc&de=01%2F05%2F2024&ate=31%2F12%2F2024&subTitulo=43686500&colunasSelecionadas=linkDetalhamento%2CmesAno%2CorgaoSuperior%2CorgaoVinculado%2CunidadeGestora%2CorgaoSuperiorOrcamentario%2CorgaoVinculadoOrcamentario%2CunidadeOrcamentaria%2Cfuncao%2CsubFuncao%2Cprograma%2Cacao%2CprogramaGoverno%2Cautor%2CplanoOrcamentario%2CgrupoDespesa%2CelementoDespesa%2CmodalidadeDespesa%2CvalorDespesaEmpenhada%2CvalorDespesaLiquidada%2CvalorDespesaPaga%2CvalorRestoPago,Recursos novos,2141000.00,0,0,0
Federal,Ministério da Saúde,Fundo Nacional de Saúde,Qualificação da Assistência Farmacêutica no Sistema Único de Saúde,Promoção da Assistência Farmacêutica e Insumos Estratégicos na Atenção Básica em Saúde,20AE6500,Saúde,Município apoiado (unidade): 497,"Nº 1.218, DE 11 DE MAIO DE 2024",https://portaldatransparencia.gov.br/despesas/orgao/consulta?paginacaoSimples=true&tamanhoPagina=&offset=&direcaoOrdenacao=asc&de=01%2F05%2F2024&ate=31%2F12%2F2024&subTitulo=20AE6500&colunasSelecionadas=linkDetalhamento%2CmesAno%2CorgaoSuperior%2CorgaoVinculado%2CunidadeGestora%2CorgaoSuperiorOrcamentario%2CorgaoVinculadoOrcamentario%2CunidadeOrcamentaria%2Cfuncao%2CsubFuncao%2Cprograma%2Cacao%2CprogramaGoverno%2Cautor%2CplanoOrcamentario%2CgrupoDespesa%2CelementoDespesa%2CmodalidadeDespesa%2CvalorDespesaEmpenhada%2CvalorDespesaLiquidada%2CvalorDespesaPaga%2CvalorRestoPago,Recursos novos,96862000.00,0,0,0
Federal,Ministério da Saúde,Fundo Nacional de Saúde,Vigilância em Saúde e Ambiente,Fortalecimento do Sistema Nacional de Vigilância em Saúde e Ambiente,20YJ6501,Saúde,População coberta (unidade): 10.882.965,"Nº 1.218, DE 11 DE MAIO DE 2024",https://portaldatransparencia.gov.br/despesas/orgao/consulta?paginacaoSimples=true&tamanhoPagina=&offset=&direcaoOrdenacao=asc&de=01%2F05%2F2024&ate=31%2F12%2F2024&subTitulo=20YJ6501&colunasSelecionadas=linkDetalhamento%2CmesAno%2CorgaoSuperior%2CorgaoVinculado%2CunidadeGestora%2CorgaoSuperiorOrcamentario%2CorgaoVinculadoOrcamentario%2CunidadeOrcamentaria%2Cfuncao%2CsubFuncao%2Cprograma%2Cacao%2CprogramaGoverno%2Cautor%2CplanoOrcamentario%2CgrupoDespesa%2CelementoDespesa%2CmodalidadeDespesa%2CvalorDespesaEmpenhada%2CvalorDespesaLiquidada%2CvalorDespesaPaga%2CvalorRestoPago,Recursos novos,160000000.00,0,0,0
Federal,Ministério da Saúde,Fundo Nacional de Saúde,Saúde Indígena,"Promoção, Proteção e Recuperação da Saúde Indígena",20YP6501,Saúde,População indígena beneficiada (unidade): 36.000,"Nº 1.218, DE 11 DE MAIO DE 2024",https://portaldatransparencia.gov.br/despesas/orgao/consulta?paginacaoSimples=true&tamanhoPagina=&offset=&direcaoOrdenacao=asc&de=01%2F05%2F2024&ate=31%2F12%2F2024&subTitulo=20YP6501&colunasSelecionadas=linkDetalhamento%2CmesAno%2CorgaoSuperior%2CorgaoVinculado%2CunidadeGestora%2CorgaoSuperiorOrcamentario%2CorgaoVinculadoOrcamentario%2CunidadeOrcamentaria%2Cfuncao%2CsubFuncao%2Cprograma%2Cacao%2CprogramaGoverno%2Cautor%2CplanoOrcamentario%2CgrupoDespesa%2CelementoDespesa%2CmodalidadeDespesa%2CvalorDespesaEmpenhada%2CvalorDespesaLiquidada%2CvalorDespesaPaga%2CvalorRestoPago,Recursos novos,21400000.00,0,0,0
Federal,Ministério da Saúde,Fundo Nacional de Saúde,Atenção Especializada à Saúde,Atenção à Saúde da População para Procedimentos em Média e Alta Complexidade,85856516,Saúde,Procedimento realizado (unidade): 17.000.000,"Nº 1.218, DE 11 DE MAIO DE 2024",https://portaldatransparencia.gov.br/despesas/orgao/consulta?paginacaoSimples=true&tamanhoPagina=&offset=&direcaoOrdenacao=asc&de=01%2F05%2F2024&ate=31%2F12%2F2024&subTitulo=85856516&colunasSelecionadas=linkDetalhamento%2CmesAno%2CorgaoSuperior%2CorgaoVinculado%2CunidadeGestora%2CorgaoSuperiorOrcamentario%2CorgaoVinculadoOrcamentario%2CunidadeOrcamentaria%2Cfuncao%2CsubFuncao%2Cprograma%2Cacao%2CprogramaGoverno%2Cautor%2CplanoOrcamentario%2CgrupoDespesa%2CelementoDespesa%2CmodalidadeDespesa%2CvalorDespesaEmpenhada%2CvalorDespesaLiquidada%2CvalorDespesaPaga%2CvalorRestoPago,Recursos novos,328960580.00,0,0,0
Federal,Ministério do Desenvolvimento Agrário e Agricultura Familiar,Companhia Nacional de Abastecimento - CONAB,Abastecimento e Soberania Alimentar,Formação de Estoques Públicos - AGF,21306501,Assistência Social,Produto adquirido (tonelada): 104.035.000,"Nº 1.218, DE 11 DE MAIO DE 2024",https://portaldatransparencia.gov.br/despesas/orgao/consulta?paginacaoSimples=true&tamanhoPagina=&offset=&direcaoOrdenacao=asc&de=01%2F05%2F2024&ate=31%2F05%2F2024&subTitulo=21306501&colunasSelecionadas=linkDetalhamento%2CmesAno%2CorgaoSuperior%2CorgaoVinculado%2CunidadeGestora%2CorgaoSuperiorOrcamentario%2CorgaoVinculadoOrcamentario%2CunidadeOrcamentaria%2Cfuncao%2CsubFuncao%2Cprograma%2Cacao%2CprogramaGoverno%2Cautor%2CplanoOrcamentario%2CgrupoDespesa%2CelementoDespesa%2CmodalidadeDespesa%2CvalorDespesaEmpenhada%2CvalorDespesaLiquidada%2CvalorDespesaPaga%2CvalorRestoPago&ordenarPor=mesAno&direcao=desc,Recursos novos,416140000.00,0,0,0
Federal,Ministério da Educação,Fundação Universidade Federal de Ciências da Saúde de Porto Alegre,"Educação Superior: Qualidade, Democracia, Equidade e Sustentabilidade",Reestruturação e Modernização das Instituições Federais de Ensino Superior,82826500,Educação,Projeto apoiado (unidade): 1,"Nº 1.223, DE 23 DE MAIO DE 2024",https://portaldatransparencia.gov.br/despesas/orgao/consulta?paginacaoSimples=true&tamanhoPagina=&offset=&direcaoOrdenacao=asc&de=01%2F05%2F2024&ate=31%2F12%2F2024&orgaosOrcamentarios=OR26247&subTitulo=82826500&colunasSelecionadas=linkDetalhamento%2CmesAno%2CorgaoSuperior%2CorgaoVinculado%2CunidadeGestora%2CorgaoSuperiorOrcamentario%2CorgaoVinculadoOrcamentario%2CunidadeOrcamentaria%2Cfuncao%2CsubFuncao%2Cprograma%2Cacao%2CprogramaGoverno%2Cautor%2CplanoOrcamentario%2CgrupoDespesa%2CelementoDespesa%2CmodalidadeDespesa%2CvalorDespesaEmpenhada%2CvalorDespesaLiquidada%2CvalorDespesaPaga%2CvalorRestoPago,Recursos novos,450000.00,0,0,0
Federal,Ministério da Educação,Universidade Federal de Santa Maria,"Educação Superior: Qualidade, Democracia, Equidade e Sustentabilidade",Reestruturação e Modernização das Instituições Federais de Ensino Superior,82826500,Educação,Projeto apoiado (unidade): 6,"Nº 1.223, DE 23 DE MAIO DE 2024",https://portaldatransparencia.gov.br/despesas/orgao/consulta?paginacaoSimples=true&tamanhoPagina=&offset=&direcaoOrdenacao=asc&de=01%2F05%2F2024&ate=31%2F12%2F2024&orgaosOrcamentarios=OR26247&subTitulo=82826500&colunasSelecionadas=linkDetalhamento%2CmesAno%2CorgaoSuperior%2CorgaoVinculado%2CunidadeGestora%2CorgaoSuperiorOrcamentario%2CorgaoVinculadoOrcamentario%2CunidadeOrcamentaria%2Cfuncao%2CsubFuncao%2Cprograma%2Cacao%2CprogramaGoverno%2Cautor%2CplanoOrcamentario%2CgrupoDespesa%2CelementoDespesa%2CmodalidadeDespesa%2CvalorDespesaEmpenhada%2CvalorDespesaLiquidada%2CvalorDespesaPaga%2CvalorRestoPago,Recursos novos,8500000.00,0,0,0
Federal,Ministério das Comunicações,Telecomunicações Brasileiras S.A. - TELEBRAS,Comunicações para Inclusão e Transformação,Operação da Infraestrutura da Rede de Serviço de Comunicação,21C86500,Comunicação,Serviço prestado (horas por ano): 5.880,"Nº 1.223, DE 23 DE MAIO DE 2024",https://portaldatransparencia.gov.br/despesas/orgao/consulta?paginacaoSimples=true&tamanhoPagina=&offset=&direcaoOrdenacao=asc&de=01%2F05%2F2024&ate=31%2F12%2F2024&subTitulo=21C86500&colunasSelecionadas=linkDetalhamento%2CmesAno%2CorgaoSuperior%2CorgaoVinculado%2CunidadeGestora%2CorgaoSuperiorOrcamentario%2CorgaoVinculadoOrcamentario%2CunidadeOrcamentaria%2Cfuncao%2CsubFuncao%2Cprograma%2Cacao%2CprogramaGoverno%2Cautor%2CplanoOrcamentario%2CgrupoDespesa%2CelementoDespesa%2CmodalidadeDespesa%2CvalorDespesaEmpenhada%2CvalorDespesaLiquidada%2CvalorDespesaPaga%2CvalorRestoPago,Recursos novos,15721179.00,0,0,0
Federal,Ministério da Saúde,Fundo Nacional de Saúde,"Gestão, Trabalho, Educação e Transformação Digital na Saúde",Sistemas de Tecnologia de Informação e Comunicação para a Saúde (e-Saude),20YN6500,Saúde,Sistema mantido (unidade): 1,"Nº 1.218, DE 11 DE MAIO DE 2024",https://portaldatransparencia.gov.br/despesas/orgao/consulta?paginacaoSimples=true&tamanhoPagina=&offset=&direcaoOrdenacao=asc&de=01%2F05%2F2024&ate=31%2F12%2F2024&subTitulo=20YN6500&colunasSelecionadas=linkDetalhamento%2CmesAno%2CorgaoSuperior%2CorgaoVinculado%2CunidadeGestora%2CorgaoSuperiorOrcamentario%2CorgaoVinculadoOrcamentario%2CunidadeOrcamentaria%2Cfuncao%2CsubFuncao%2Cprograma%2Cacao%2CprogramaGoverno%2Cautor%2CplanoOrcamentario%2CgrupoDespesa%2CelementoDespesa%2CmodalidadeDespesa%2CvalorDespesaEmpenhada%2CvalorDespesaLiquidada%2CvalorDespesaPaga%2CvalorRestoPago,Recursos novos,5727000.00,0,0,0
Federal,Ministério do Meio Ambiente e Mudança do Clima,Instituto Chico Mendes de Conservação da Biodiversidade,Proteção e Recuperação da Biodiversidade e Combate ao Desmatamento e Incêndios,"Apoio à Criação, Gestão e Implementação das Unidades de Conservação Federais",20WM6501,Meio Ambiente,Unidade de conservação atendida (unidade): 10,"Nº 1.223, DE 23 DE MAIO DE 2024",https://portaldatransparencia.gov.br/despesas/orgao/consulta?paginacaoSimples=true&tamanhoPagina=&offset=&direcaoOrdenacao=asc&de=01%2F05%2F2024&ate=31%2F12%2F2024&subTitulo=20WM6501&colunasSelecionadas=linkDetalhamento%2CmesAno%2CorgaoSuperior%2CorgaoVinculado%2CunidadeGestora%2CorgaoSuperiorOrcamentario%2CorgaoVinculadoOrcamentario%2CunidadeOrcamentaria%2Cfuncao%2CsubFuncao%2Cprograma%2Cacao%2CprogramaGoverno%2Cautor%2CplanoOrcamentario%2CgrupoDespesa%2CelementoDespesa%2CmodalidadeDespesa%2CvalorDespesaEmpenhada%2CvalorDespesaLiquidada%2CvalorDespesaPaga%2CvalorRestoPago,Recursos novos,16000000.00,0,0,0
Federal,Ministério da Saúde,Fundo Nacional de Saúde,Qualificação da Assistência Farmacêutica no Sistema Único de Saúde,Manutenção e Funcionamento do Programa Farmácia Popular do Brasil Pelo Sistema de Gratuidade,20YR6500,Saúde,Usuário atendido (unidade): 1.000,"Nº 1.218, DE 11 DE MAIO DE 2024",https://portaldatransparencia.gov.br/despesas/orgao/consulta?paginacaoSimples=true&tamanhoPagina=&offset=&direcaoOrdenacao=asc&de=01%2F05%2F2024&ate=31%2F12%2F2024&subTitulo=20YR6500&colunasSelecionadas=linkDetalhamento%2CmesAno%2CorgaoSuperior%2CorgaoVinculado%2CunidadeGestora%2CorgaoSuperiorOrcamentario%2CorgaoVinculadoOrcamentario%2CunidadeOrcamentaria%2Cfuncao%2CsubFuncao%2Cprograma%2Cacao%2CprogramaGoverno%2Cautor%2CplanoOrcamentario%2CgrupoDespesa%2CelementoDespesa%2CmodalidadeDespesa%2CvalorDespesaEmpenhada%2CvalorDespesaLiquidada%2CvalorDespesaPaga%2CvalorRestoPago,Recursos novos,27800000.00,0,0,0
Federal,Encargos Financeiros da União,Recursos sob Supervisão do Ministério da Fazenda,,FGO,,Assistência Empresarial ou Auxílio ao Produtor Rural,,"Nº 1.226, DE 29 DE MAIO DE 2024",,Linha de crédito,600000000.00,0,0,0
Federal,União,Fundo Social,,"Disponibilização de linhas de financiamento com a finalidade de apoiar ações de mitigação e adaptação às mudanças climáticas e de enfrentamento de consequências sociais e econômicas de calamidades públicas, nos termos do art. 65 da Lei Complementar nº 101, de 4 de maio de 2000",,Assistência Empresarial ou Auxílio ao Produtor Rural,,"Nº 1.226, DE 29 DE MAIO DE 2024",,Linha de crédito,15000000000.00,0,0,0
Federal,"Ministério da Ciência, Tecnologia e Inovação",FINEP,,Nova linha de crédito,,Assistência Empresarial ou Auxílio ao Produtor Rural,,,,Recursos novos,1500000000.00,0,0,0
Federal,"Ministério da Ciência, Tecnologia e Inovação",FINEP,,Reparos emergenciais de equipamentos para Centros de Pesquisa,,Educação,,,,Recursos novos,50000000.00,0,0,0
Federal,"Ministério da Ciência, Tecnologia e Inovação",FINEP,,Reparos emergenciais de equipamentos para Pesquisadores,,Educação,,,,Recursos novos,15000000.00,0,0,0